id,x,y,cluster
1,618600.0,551446.0,2
2,582015.0,546191.0,2
3,604737.0,574591.0,2
4,627968.0,574625.0,2
5,603145.0,574795.0,2
6,671919.0,571761.0,2
7,627912.0,593892.0,2
8,591851.0,569051.0,2
9,601444.0,572693.0,2
10,661430.0,603567.0,2
11,562704.0,570596.0,2
12,605107.0,563429.0,2
13,568824.0,570203.0,2
14,560237.0,500154.0,2
15,638559.0,558807.0,2
16,631297.0,578351.0,2
17,605284.0,556134.0,2
18,603849.0,572396.0,2
19,598634.0,619900.0,2
20,604157.0,574191.0,2
21,620438.0,511694.0,2
22,600202.0,622079.0,2
23,515612.0,540643.0,2
24,593490.0,623110.0,2
25,607084.0,595500.0,2
26,583728.0,563146.0,2
27,616044.0,533807.0,2
28,624452.0,584622.0,2
29,604438.0,574666.0,2
30,625709.0,660145.0,2
31,601376.0,579831.0,2
32,612799.0,537497.0,2
33,575440.0,568511.0,2
34,605927.0,572533.0,2
35,647354.0,579190.0,2
36,680357.0,620811.0,2
37,604294.0,574368.0,2
38,611508.0,503220.0,2
39,603789.0,574474.0,2
40,551740.0,588768.0,2
41,569197.0,559307.0,2
42,606809.0,572101.0,2
43,588597.0,622592.0,2
44,613840.0,534167.0,2
45,601339.0,571609.0,2
46,593398.0,559764.0,2
47,593166.0,622725.0,2
48,712648.0,607541.0,2
49,660327.0,585901.0,2
50,604001.0,573587.0,2
51,538571.0,654649.0,2
52,586097.0,567445.0,2
53,599123.0,616977.0,2
54,617717.0,613939.0,2
55,618869.0,577243.0,2
56,636628.0,533309.0,2
57,604352.0,573425.0,2
58,596891.0,579476.0,2
59,604415.0,571400.0,2
60,593317.0,534085.0,2
61,657985.0,453405.0,6
62,601900.0,569391.0,2
63,639431.0,588155.0,2
64,568570.0,579335.0,2
65,667639.0,571164.0,2
66,596796.0,529933.0,2
67,606111.0,617846.0,2
68,571334.0,594145.0,2
69,605100.0,573307.0,2
70,585195.0,555011.0,2
71,651740.0,589474.0,2
72,589112.0,536573.0,2
73,582057.0,543124.0,2
74,577242.0,574073.0,2
75,631182.0,565466.0,2
76,695646.0,652231.0,2
77,567428.0,580005.0,2
78,634967.0,579020.0,2
79,614615.0,574437.0,2
80,594084.0,629464.0,2
81,601530.0,577183.0,2
82,603055.0,589818.0,2
83,616561.0,619007.0,2
84,611581.0,572630.0,2
85,579712.0,568354.0,2
86,602887.0,595245.0,2
87,605913.0,579526.0,2
88,610263.0,574422.0,2
89,624369.0,532153.0,2
90,599870.0,591110.0,2
91,658403.0,611332.0,2
92,610980.0,522819.0,2
93,569422.0,567790.0,2
94,540783.0,626497.0,2
95,637323.0,549567.0,2
96,638078.0,629421.0,2
97,647103.0,573853.0,2
98,533799.0,564377.0,2
99,649034.0,528813.0,2
100,622407.0,583192.0,2
101,597026.0,642918.0,2
102,546632.0,599204.0,2
103,672565.0,564468.0,2
104,636500.0,587401.0,2
105,696144.0,548705.0,2
106,533551.0,582247.0,2
107,526802.0,551524.0,2
108,696601.0,603624.0,2
109,663578.0,586265.0,2
110,628080.0,562986.0,2
111,597421.0,554767.0,2
112,595193.0,576508.0,2
113,658103.0,572250.0,2
114,606415.0,581386.0,2
115,641976.0,577433.0,2
116,589180.0,595099.0,2
117,580561.0,528916.0,2
118,621726.0,578003.0,2
119,541976.0,512639.0,2
120,593840.0,578685.0,2
121,602667.0,575857.0,2
122,631446.0,561156.0,2
123,593865.0,572987.0,2
124,668502.0,563937.0,2
125,814045.0,332998.0,7
126,779956.0,271501.0,7
127,797205.0,313318.0,7
128,783666.0,262902.0,7
129,806131.0,312752.0,7
130,830658.0,368694.0,7
131,801910.0,325434.0,7
132,808062.0,337340.0,7
133,789833.0,304422.0,7
134,800865.0,312968.0,7
135,802237.0,318526.0,7
136,780927.0,285057.0,7
137,809182.0,319115.0,7
138,820327.0,352701.0,7
139,801093.0,317509.0,7
140,805237.0,318655.0,7
141,801441.0,323812.0,7
142,797313.0,317527.0,7
143,790395.0,300024.0,7
144,797787.0,301470.0,7
145,804630.0,332333.0,7
146,802111.0,320817.0,7
147,819768.0,346596.0,7
148,800565.0,319364.0,7
149,814401.0,341234.0,7
150,776131.0,248465.0,7
151,809550.0,327365.0,7
152,795322.0,311178.0,7
153,830450.0,393096.0,7
154,802814.0,320130.0,7
155,823913.0,369439.0,7
156,803386.0,318982.0,7
157,798904.0,324420.0,7
158,807446.0,342555.0,7
159,804251.0,329956.0,7
160,803448.0,314797.0,7
161,826228.0,376658.0,7
162,808686.0,332209.0,7
163,798472.0,322218.0,7
164,795489.0,287279.0,7
165,802853.0,314938.0,7
166,801588.0,319814.0,7
167,807293.0,347456.0,7
168,817119.0,336333.0,7
169,797272.0,324228.0,7
170,795836.0,291870.0,7
171,798321.0,319665.0,7
172,800667.0,315995.0,7
173,795205.0,316433.0,7
174,782642.0,275308.0,7
175,787644.0,297715.0,7
176,800677.0,310656.0,7
177,800394.0,301473.0,7
178,795571.0,310093.0,7
179,814158.0,335578.0,7
180,811913.0,325091.0,7
181,775604.0,274485.0,7
182,826789.0,377676.0,7
183,814108.0,344096.0,7
184,807017.0,330432.0,7
185,817410.0,346944.0,7
186,803277.0,319525.0,7
187,833182.0,379714.0,7
188,798059.0,316113.0,7
189,769876.0,257669.0,7
190,791983.0,298565.0,7
191,801386.0,313545.0,7
192,810903.0,332925.0,7
193,838276.0,395673.0,4
194,777978.0,252419.0,7
195,820258.0,351165.0,7
196,810253.0,323873.0,7
197,802041.0,319504.0,7
198,804190.0,320706.0,7
199,840462.0,402858.0,4
200,804119.0,328544.0,7
201,803057.0,331037.0,7
202,803031.0,325811.0,7
203,800444.0,311497.0,7
204,803470.0,319069.0,7
205,811277.0,335577.0,7
206,813436.0,360446.0,7
207,838129.0,404012.0,4
208,764997.0,249477.0,7
209,800316.0,311699.0,7
210,802655.0,316263.0,7
211,801456.0,320080.0,7
212,840886.0,397888.0,4
213,829529.0,375007.0,7
214,833661.0,389733.0,7
215,794956.0,309980.0,7
216,809552.0,342258.0,7
217,811502.0,355939.0,7
218,803370.0,318247.0,7
219,804702.0,315881.0,7
220,813791.0,334609.0,7
221,812965.0,330224.0,7
222,826048.0,374236.0,7
223,798633.0,317300.0,7
224,802537.0,312497.0,7
225,805977.0,320805.0,7
226,824212.0,363776.0,7
227,798981.0,311092.0,7
228,797178.0,310439.0,7
229,796283.0,315582.0,7
230,801782.0,318281.0,7
231,803377.0,319212.0,7
232,803932.0,318781.0,7
233,793684.0,312065.0,7
234,821151.0,366545.0,7
235,801903.0,312794.0,7
236,782506.0,279930.0,7
237,794667.0,315069.0,7
238,798243.0,324160.0,7
239,818119.0,348676.0,7
240,810502.0,336169.0,7
241,793560.0,285392.0,7
242,801326.0,315779.0,7
243,808644.0,326320.0,7
244,813645.0,328765.0,7
245,811061.0,333595.0,7
246,783110.0,289805.0,7
247,800235.0,316652.0,7
248,805035.0,317469.0,7
249,801166.0,322298.0,7
250,810657.0,329468.0,7
251,801313.0,300606.0,7
252,800390.0,309948.0,7
253,801634.0,318965.0,7
254,799197.0,314215.0,7
255,801174.0,320442.0,7
256,788005.0,292268.0,7
257,801183.0,316191.0,7
258,434440.0,822866.0,10
259,369199.0,734895.0,10
260,369418.0,733394.0,10
261,378563.0,789670.0,10
262,414377.0,771258.0,10
263,352874.0,807952.0,10
264,429586.0,775621.0,10
265,457561.0,788245.0,10
266,415417.0,785827.0,10
267,452570.0,848127.0,10
268,405986.0,787439.0,10
269,437568.0,794323.0,10
270,469422.0,822619.0,10
271,397688.0,762902.0,10
272,418149.0,790096.0,10
273,407289.0,798870.0,10
274,446537.0,828924.0,10
275,442260.0,754050.0,10
276,407814.0,765816.0,10
277,377720.0,727349.0,10
278,408745.0,824896.0,10
279,395274.0,786698.0,10
280,412109.0,735920.0,10
281,376660.0,815936.0,10
282,508535.0,830710.0,10
283,418410.0,795929.0,10
284,408712.0,803987.0,10
285,417169.0,792321.0,10
286,370839.0,727884.0,10
287,402309.0,786873.0,10
288,416926.0,785113.0,10
289,416019.0,787562.0,10
290,447833.0,819282.0,10
291,399634.0,751940.0,10
292,412028.0,773494.0,10
293,344915.0,702496.0,10
294,407460.0,791404.0,10
295,426040.0,825049.0,10
296,407565.0,766203.0,10
297,414317.0,828815.0,10
298,410610.0,765111.0,10
299,406337.0,750353.0,10
300,416039.0,730594.0,10
301,398478.0,822297.0,10
302,472917.0,830363.0,10
303,329002.0,727685.0,10
304,418618.0,811618.0,10
305,425356.0,745471.0,10
306,470922.0,770669.0,10
307,412851.0,774986.0,10
308,400079.0,749617.0,10
309,430747.0,776261.0,10
310,429220.0,787348.0,10
311,427850.0,762201.0,10
312,434080.0,785264.0,10
313,473514.0,788780.0,10
314,430686.0,844506.0,10
315,422198.0,724557.0,10
316,392185.0,713763.0,10
317,399149.0,784376.0,10
318,527515.0,831478.0,10
319,430779.0,770145.0,10
320,413556.0,758080.0,10
321,398498.0,776720.0,10
322,473727.0,807244.0,10
323,456799.0,844976.0,10
324,444336.0,820061.0,10
325,403522.0,785432.0,10
326,403852.0,792473.0,10
327,448865.0,836781.0,10
328,457338.0,789952.0,10
329,396276.0,785999.0,10
330,402891.0,801910.0,10
331,460942.0,779073.0,10
332,385140.0,796221.0,10
333,430243.0,781020.0,10
334,416775.0,806826.0,10
335,415270.0,775605.0,10
336,472691.0,802678.0,10
337,471930.0,844046.0,10
338,411721.0,717873.0,10
339,439793.0,740773.0,10
340,467107.0,817914.0,10
341,387631.0,749416.0,10
342,417146.0,822655.0,10
343,345692.0,788190.0,10
344,414951.0,852935.0,10
345,409701.0,750741.0,10
346,459556.0,818479.0,10
347,423311.0,813081.0,10
348,476144.0,772131.0,10
349,391976.0,789416.0,10
350,448649.0,813885.0,10
351,496658.0,816784.0,10
352,439514.0,758221.0,10
353,424145.0,743433.0,10
354,396617.0,801039.0,10
355,394708.0,739061.0,10
356,394912.0,755947.0,10
357,441950.0,785934.0,10
358,409814.0,836083.0,10
359,395817.0,788858.0,10
360,422776.0,808328.0,10
361,349378.0,805118.0,10
362,484407.0,809641.0,10
363,403329.0,717870.0,10
364,392795.0,817694.0,10
365,489182.0,773934.0,10
366,427388.0,815258.0,10
367,749723.0,781756.0,9
368,828194.0,742074.0,9
369,800913.0,749332.0,9
370,810467.0,706465.0,9
371,803540.0,754792.0,9
372,832054.0,751330.0,9
373,786032.0,701427.0,9
374,857620.0,709386.0,9
375,776000.0,780347.0,9
376,824098.0,714042.0,9
377,828478.0,655405.0,4
378,784838.0,771499.0,9
379,854886.0,769396.0,9
380,818338.0,800932.0,9
381,861563.0,661642.0,4
382,839121.0,736259.0,9
383,841045.0,738224.0,9
384,862334.0,747768.0,9
385,846484.0,719360.0,9
386,826465.0,646980.0,4
387,814540.0,707227.0,9
388,816054.0,733183.0,9
389,789601.0,714058.0,9
390,827169.0,708345.0,9
391,848151.0,741869.0,9
392,801511.0,761094.0,9
393,873672.0,734440.0,9
394,814697.0,729209.0,9
395,832758.0,707452.0,9
396,848264.0,762550.0,9
397,799903.0,784535.0,9
398,824594.0,741664.0,9
399,839514.0,728923.0,9
400,827711.0,732798.0,9
401,819439.0,735945.0,9
402,850451.0,764015.0,9
403,811748.0,766105.0,9
404,817640.0,730018.0,9
405,777697.0,798253.0,9
406,868493.0,677155.0,4
407,805658.0,698630.0,9
408,840349.0,790707.0,9
409,817441.0,709397.0,9
410,805089.0,762512.0,9
411,796943.0,674692.0,4
412,827192.0,785316.0,9
413,818209.0,719382.0,9
414,822616.0,735941.0,9
415,823250.0,732088.0,9
416,862425.0,741010.0,9
417,800872.0,672603.0,4
418,825395.0,715780.0,9
419,848570.0,703697.0,9
420,850904.0,720163.0,9
421,816775.0,739989.0,9
422,815455.0,755486.0,9
423,835648.0,756631.0,9
424,825997.0,730652.0,9
425,817252.0,730254.0,9
426,791470.0,751113.0,9
427,841654.0,764836.0,9
428,804706.0,788001.0,9
429,829379.0,718721.0,9
430,837582.0,763266.0,9
431,838764.0,652792.0,4
432,828297.0,715480.0,9
433,819058.0,729125.0,9
434,817018.0,729596.0,9
435,797804.0,715342.0,9
436,829398.0,724900.0,9
437,754841.0,796342.0,9
438,821908.0,732077.0,9
439,823987.0,687499.0,4
440,787988.0,741203.0,9
441,839339.0,726322.0,9
442,822425.0,727248.0,9
443,840425.0,762290.0,9
444,817395.0,734126.0,9
445,807913.0,737341.0,9
446,822293.0,786837.0,9
447,795124.0,696429.0,9
448,815593.0,689874.0,9
449,817807.0,715863.0,9
450,837977.0,728814.0,9
451,801204.0,755177.0,9
452,876503.0,659112.0,4
453,823856.0,749355.0,9
454,818756.0,743887.0,9
455,811971.0,664520.0,4
456,801526.0,705057.0,9
457,827031.0,734324.0,9
458,782368.0,759352.0,9
459,769656.0,721159.0,9
460,807072.0,687932.0,9
461,750459.0,800215.0,9
462,823959.0,737866.0,9
463,801810.0,728106.0,9
464,820947.0,730529.0,9
465,768565.0,762193.0,9
466,821079.0,800206.0,9
467,781260.0,737962.0,9
468,819438.0,662327.0,4
469,822843.0,763117.0,9
470,865084.0,713697.0,9
471,820455.0,729132.0,9
472,849547.0,738979.0,9
473,823589.0,728083.0,9
474,803874.0,675499.0,4
475,830065.0,739162.0,9
476,852730.0,769968.0,9
477,811031.0,703822.0,9
478,825414.0,734466.0,9
479,786227.0,765634.0,9
480,757421.0,774445.0,9
481,822224.0,742716.0,9
482,821895.0,732158.0,9
483,860387.0,157731.0,7
484,863391.0,126214.0,7
485,905936.0,150106.0,7
486,818079.0,108536.0,7
487,844234.0,153197.0,7
488,862679.0,188399.0,7
489,888714.0,205560.0,7
490,851280.0,156049.0,7
491,840375.0,155757.0,7
492,840299.0,118907.0,7
493,864053.0,139325.0,7
494,856454.0,117143.0,7
495,864374.0,150149.0,7
496,858587.0,150101.0,7
497,870247.0,121460.0,7
498,850176.0,127908.0,7
499,828005.0,145089.0,7
500,849537.0,157510.0,7
501,829229.0,143653.0,7
502,871556.0,194747.0,7
503,865489.0,161762.0,7
504,846256.0,154064.0,7
505,894124.0,202052.0,7
506,848108.0,161786.0,7
507,861242.0,161722.0,7
508,885793.0,172115.0,7
509,877125.0,161227.0,7
510,883864.0,111281.0,7
511,891699.0,170415.0,7
512,840335.0,164912.0,7
513,858042.0,178196.0,7
514,846257.0,145306.0,7
515,857309.0,139276.0,7
516,912023.0,160368.0,7
517,842824.0,177832.0,7
518,821428.0,153468.0,7
519,827802.0,189078.0,7
520,847812.0,114745.0,7
521,830159.0,134329.0,7
522,850925.0,157811.0,7
523,780153.0,136449.0,7
524,852423.0,159874.0,7
525,883375.0,158482.0,7
526,850219.0,110573.0,7
527,858834.0,149259.0,7
528,882097.0,161493.0,7
529,787336.0,144875.0,7
530,843833.0,170416.0,7
531,850663.0,157840.0,7
532,812240.0,177846.0,7
533,850959.0,157920.0,7
534,854753.0,190254.0,7
535,895723.0,126593.0,7
536,857833.0,170565.0,7
537,871689.0,155981.0,7
538,864088.0,171351.0,7
539,902529.0,162041.0,7
540,854996.0,81095.0,7
541,821361.0,175823.0,7
542,810775.0,160434.0,7
543,844088.0,150085.0,7
544,830620.0,117906.0,7
545,835790.0,127898.0,7
546,858703.0,157931.0,7
547,857846.0,153281.0,7
548,876408.0,183646.0,7
549,842576.0,153072.0,7
550,834171.0,189042.0,7
551,869167.0,105039.0,7
552,846575.0,159002.0,7
553,895127.0,152283.0,7
554,792179.0,148539.0,7
555,852410.0,187705.0,7
556,853554.0,158012.0,7
557,878170.0,123364.0,7
558,866987.0,154415.0,7
559,846284.0,113820.0,7
560,856924.0,169071.0,7
561,851568.0,114049.0,7
562,868736.0,179354.0,7
563,800304.0,163436.0,7
564,823740.0,169808.0,7
565,883929.0,121705.0,7
566,851010.0,157593.0,7
567,850533.0,160136.0,7
568,913298.0,162009.0,7
569,923120.0,170161.0,7
570,835702.0,176502.0,7
571,855852.0,134834.0,7
572,924289.0,171369.0,7
573,836739.0,162321.0,7
574,854463.0,159977.0,7
575,848135.0,130674.0,7
576,786528.0,104976.0,7
577,834036.0,144156.0,7
578,846720.0,162060.0,7
579,849003.0,115373.0,7
580,856753.0,145184.0,7
581,839757.0,190518.0,7
582,865113.0,161302.0,7
583,818668.0,120458.0,7
584,889142.0,154467.0,7
585,850787.0,125678.0,7
586,859298.0,139834.0,7
587,829216.0,121494.0,7
588,851919.0,127963.0,7
589,841353.0,125628.0,7
590,855969.0,193497.0,7
591,852104.0,134678.0,7
592,850945.0,161669.0,7
593,885764.0,151791.0,7
594,814553.0,164190.0,7
595,864211.0,216526.0,7
596,791199.0,164843.0,7
597,843905.0,219401.0,7
598,838146.0,159541.0,7
599,349296.0,557688.0,5
600,321312.0,574721.0,5
601,410917.0,614521.0,5
602,283570.0,563726.0,5
603,317331.0,556086.0,5
604,335792.0,541310.0,5
605,366794.0,582584.0,5
606,339981.0,565418.0,5
607,328438.0,532686.0,5
608,339115.0,566863.0,5
609,333299.0,597586.0,5
610,366934.0,581294.0,5
611,337002.0,589527.0,5
612,327738.0,559624.0,5
613,297110.0,556485.0,5
614,413894.0,564459.0,5
615,340545.0,568654.0,5
616,318065.0,581616.0,5
617,367751.0,578289.0,5
618,331667.0,570387.0,5
619,339993.0,544064.0,5
620,352220.0,602793.0,5
621,333934.0,537464.0,5
622,303637.0,570253.0,5
623,353145.0,580916.0,5
624,325118.0,556212.0,5
625,373894.0,555347.0,5
626,357813.0,572855.0,5
627,304157.0,566007.0,5
628,331175.0,551842.0,5
629,322209.0,547247.0,5
630,375619.0,553791.0,5
631,288068.0,561932.0,5
632,284031.0,566654.0,5
633,342963.0,582232.0,5
634,328331.0,541094.0,5
635,357737.0,597104.0,5
636,392534.0,593343.0,5
637,343376.0,575709.0,5
638,361370.0,552483.0,5
639,368617.0,554066.0,5
640,331795.0,529654.0,5
641,344237.0,573700.0,5
642,328657.0,564864.0,5
643,333669.0,542228.0,5
644,320628.0,564596.0,5
645,316642.0,553340.0,5
646,340712.0,563178.0,5
647,297022.0,574097.0,5
648,319927.0,524637.0,5
649,359772.0,568428.0,5
650,341721.0,576427.0,5
651,386373.0,606623.0,5
652,338588.0,543875.0,5
653,341578.0,558672.0,5
654,330482.0,571217.0,5
655,225786.0,529417.0,8
656,365567.0,547606.0,5
657,320827.0,519618.0,5
658,286990.0,529505.0,5
659,411796.0,581307.0,5
660,344239.0,530765.0,5
661,321309.0,569996.0,5
662,363304.0,553764.0,5
663,304556.0,568584.0,5
664,313649.0,523765.0,5
665,351459.0,565704.0,5
666,412767.0,593558.0,5
667,283474.0,532727.0,5
668,366478.0,594677.0,5
669,331616.0,565089.0,5
670,331366.0,567311.0,5
671,281979.0,518199.0,5
672,338474.0,564151.0,5
673,318681.0,528806.0,5
674,310041.0,533285.0,5
675,330767.0,552963.0,5
676,312558.0,520650.0,5
677,315850.0,573154.0,5
678,341925.0,569393.0,5
679,335999.0,549795.0,5
680,332586.0,566187.0,5
681,340970.0,564831.0,5
682,352424.0,557574.0,5
683,279008.0,521035.0,5
684,327973.0,534972.0,5
685,385091.0,599401.0,5
686,332884.0,533990.0,5
687,289002.0,520678.0,5
688,324516.0,522674.0,5
689,364844.0,571623.0,5
690,275524.0,559548.0,5
691,308966.0,523409.0,5
692,316313.0,570785.0,5
693,341446.0,538787.0,5
694,347522.0,587567.0,5
695,336336.0,563145.0,5
696,321216.0,569834.0,5
697,341016.0,545280.0,5
698,324952.0,565867.0,5
699,353583.0,554147.0,5
700,292636.0,520371.0,5
701,337173.0,557853.0,5
702,333378.0,557892.0,5
703,344437.0,529492.0,5
704,367641.0,556309.0,5
705,355924.0,577596.0,5
706,292932.0,558293.0,5
707,306346.0,523584.0,5
708,341966.0,586266.0,5
709,326251.0,549298.0,5
710,335201.0,585318.0,5
711,351564.0,573155.0,5
712,322365.0,530808.0,5
713,221233.0,538472.0,8
714,338084.0,560295.0,5
715,345123.0,577788.0,5
716,409616.0,575024.0,5
717,365058.0,545456.0,5
718,344096.0,575522.0,5
719,182618.0,346663.0,8
720,186536.0,330019.0,8
721,174057.0,358906.0,8
722,215243.0,289985.0,8
723,170688.0,343596.0,8
724,165689.0,356983.0,8
725,168443.0,367928.0,8
726,165158.0,343946.0,8
727,175781.0,341039.0,8
728,233480.0,289069.0,8
729,189029.0,366740.0,8
730,192775.0,350028.0,8
731,134695.0,350397.0,8
732,198908.0,372797.0,8
733,186380.0,363938.0,8
734,224225.0,376975.0,8
735,178869.0,370161.0,8
736,164354.0,347671.0,8
737,145867.0,363616.0,8
738,164915.0,350360.0,8
739,174064.0,357989.0,8
740,179609.0,408365.0,8
741,176506.0,351827.0,8
742,172879.0,347028.0,8
743,146070.0,316860.0,8
744,152957.0,321354.0,8
745,162040.0,316797.0,8
746,140612.0,350010.0,8
747,146072.0,288800.0,8
748,169293.0,348686.0,8
749,117585.0,391892.0,8
750,163981.0,344090.0,8
751,141113.0,351050.0,8
752,140876.0,334435.0,8
753,159496.0,331641.0,8
754,167262.0,399527.0,8
755,185561.0,342784.0,8
756,157394.0,346500.0,8
757,129664.0,341196.0,8
758,173188.0,355248.0,8
759,185696.0,338006.0,8
760,102221.0,374657.0,8
761,164875.0,349007.0,8
762,159120.0,340829.0,8
763,179811.0,342089.0,8
764,186503.0,369651.0,8
765,200251.0,306215.0,8
766,165657.0,338722.0,8
767,213022.0,338238.0,8
768,175586.0,365049.0,8
769,171074.0,293610.0,8
770,165886.0,348709.0,8
771,186082.0,330058.0,8
772,142899.0,329415.0,8
773,187324.0,377187.0,8
774,158550.0,354818.0,8
775,174672.0,345849.0,8
776,187854.0,354777.0,8
777,176490.0,344679.0,8
778,81648.0,360080.0,8
779,153607.0,379395.0,8
780,105444.0,361358.0,8
781,177579.0,319865.0,8
782,198892.0,322470.0,8
783,166654.0,350678.0,8
784,189102.0,333074.0,8
785,144306.0,328086.0,8
786,168886.0,353913.0,8
787,130805.0,354417.0,8
788,176433.0,350561.0,8
789,142252.0,329183.0,8
790,129453.0,321221.0,8
791,144705.0,375936.0,8
792,189499.0,356601.0,8
793,183516.0,374212.0,8
794,149269.0,341445.0,8
795,174438.0,319075.0,8
796,107124.0,325984.0,8
797,159302.0,337993.0,8
798,140101.0,341028.0,8
799,168149.0,345638.0,8
800,150009.0,371014.0,8
801,151164.0,332239.0,8
802,168067.0,340249.0,8
803,170102.0,323164.0,8
804,124132.0,340448.0,8
805,149863.0,284721.0,8
806,169228.0,364545.0,8
807,183610.0,321788.0,8
808,159472.0,372246.0,8
809,166973.0,334724.0,8
810,161448.0,373412.0,8
811,125715.0,302114.0,8
812,167653.0,352074.0,8
813,125902.0,318850.0,8
814,171986.0,429306.0,8
815,157181.0,346842.0,8
816,188909.0,341194.0,8
817,117874.0,389929.0,8
818,98533.0,355691.0,8
819,122986.0,334382.0,8
820,168284.0,309036.0,8
821,160922.0,347681.0,8
822,147911.0,328024.0,8
823,177858.0,352255.0,8
824,113068.0,317574.0,8
825,171277.0,361020.0,8
826,190725.0,336160.0,8
827,169994.0,409806.0,8
828,172662.0,388185.0,8
829,160206.0,303063.0,8
830,155690.0,368375.0,8
831,179326.0,321160.0,8
832,155508.0,372355.0,8
833,166799.0,318482.0,8
834,179483.0,359645.0,8
835,213951.0,352868.0,8
836,214966.0,358837.0,8
837,219779.0,330969.0,8
838,169876.0,340860.0,8
839,613682.0,399434.0,6
840,629247.0,364078.0,6
841,609532.0,388425.0,6
842,629369.0,398359.0,6
843,607905.0,403460.0,6
844,608711.0,373665.0,6
845,623498.0,399288.0,6
846,574989.0,407228.0,6
847,687717.0,379483.0,6
848,620240.0,397022.0,6
849,559877.0,401053.0,6
850,617755.0,401065.0,6
851,693265.0,388552.0,6
852,559933.0,403956.0,6
853,595215.0,391491.0,6
854,617493.0,379303.0,6
855,601644.0,436831.0,6
856,617118.0,374098.0,6
857,616468.0,394118.0,6
858,630384.0,376295.0,6
859,637332.0,414017.0,6
860,650054.0,432740.0,6
861,595063.0,328609.0,6
862,608309.0,377530.0,6
863,658219.0,436184.0,6
864,632390.0,363198.0,6
865,575116.0,345564.0,6
866,625784.0,441883.0,6
867,618893.0,419740.0,6
868,623248.0,399928.0,6
869,609219.0,362804.0,6
870,537211.0,376777.0,6
871,613037.0,419086.0,6
872,617444.0,397675.0,6
873,592620.0,446156.0,6
874,631633.0,337973.0,6
875,629789.0,426313.0,6
876,608687.0,374928.0,6
877,680646.0,375662.0,6
878,591831.0,438997.0,6
879,550086.0,442382.0,6
880,617178.0,414525.0,6
881,599766.0,409755.0,6
882,584077.0,398498.0,6
883,626700.0,401688.0,6
884,611954.0,360938.0,6
885,613536.0,395801.0,6
886,576488.0,397913.0,6
887,610026.0,444858.0,6
888,629725.0,405117.0,6
889,638823.0,411764.0,6
890,617764.0,397102.0,6
891,610698.0,396326.0,6
892,642607.0,374702.0,6
893,608923.0,385575.0,6
894,619339.0,401624.0,6
895,619295.0,397643.0,6
896,615934.0,426539.0,6
897,673514.0,390760.0,6
898,657120.0,386782.0,6
899,675858.0,410545.0,6
900,626586.0,415166.0,6
901,638783.0,399478.0,6
902,578113.0,395458.0,6
903,622557.0,361134.0,6
904,666135.0,430421.0,6
905,634383.0,422065.0,6
906,613351.0,407952.0,6
907,623989.0,368662.0,6
908,687638.0,439257.0,6
909,619318.0,361696.0,6
910,588432.0,446279.0,6
911,592924.0,393730.0,6
912,615325.0,383841.0,6
913,620818.0,396967.0,6
914,660333.0,393215.0,6
915,618391.0,348381.0,6
916,565829.0,395454.0,6
917,620610.0,395343.0,6
918,617319.0,374666.0,6
919,630205.0,338054.0,6
920,618349.0,397614.0,6
921,630706.0,388370.0,6
922,621537.0,390372.0,6
923,618406.0,404239.0,6
924,700340.0,335010.0,6
925,608182.0,416637.0,6
926,620939.0,385731.0,6
927,626371.0,349696.0,6
928,617954.0,395504.0,6
929,621241.0,368090.0,6
930,581240.0,362971.0,6
931,617447.0,366176.0,6
932,685785.0,409913.0,6
933,668879.0,388617.0,6
934,608601.0,418450.0,6
935,577773.0,434308.0,6
936,620955.0,389692.0,6
937,571692.0,449353.0,6
938,658735.0,399039.0,6
939,618869.0,398187.0,6
940,639507.0,438534.0,6
941,594112.0,399331.0,6
942,610199.0,394579.0,6
943,621560.0,397789.0,6
944,608195.0,447380.0,6
945,650120.0,324477.0,6
946,571043.0,347389.0,6
947,659191.0,459637.0,6
948,629978.0,400626.0,6
949,630067.0,372798.0,6
950,600007.0,377908.0,6
951,639613.0,388524.0,6
952,669409.0,415893.0,6
953,629000.0,417990.0,6
954,605407.0,427914.0,6
955,610722.0,418243.0,6
956,615649.0,429323.0,6
957,219686.0,859997.0,1
958,298214.0,820903.0,1
959,286769.0,862152.0,1
960,276635.0,875623.0,1
961,230399.0,842538.0,1
962,209922.0,850026.0,1
963,300726.0,862728.0,1
964,222727.0,770963.0,1
965,291561.0,845450.0,1
966,221122.0,832810.0,1
967,194258.0,914691.0,1
968,264627.0,808661.0,1
969,225916.0,843329.0,1
970,240221.0,843932.0,1
971,285258.0,848668.0,1
972,237120.0,856814.0,1
973,234604.0,822462.0,1
974,235901.0,856563.0,1
975,207217.0,878249.0,1
976,189752.0,865463.0,1
977,188480.0,870646.0,1
978,305915.0,854818.0,1
979,257926.0,936947.0,1
980,273165.0,852766.0,1
981,256487.0,868899.0,1
982,268289.0,878265.0,1
983,295375.0,861990.0,1
984,298979.0,774144.0,1
985,249857.0,844975.0,1
986,252586.0,806474.0,1
987,283017.0,850861.0,1
988,266980.0,825990.0,1
989,294326.0,807584.0,1
990,299821.0,866288.0,1
991,240308.0,844341.0,1
992,220620.0,819091.0,1
993,268926.0,813783.0,1
994,240171.0,843940.0,1
995,191257.0,802651.0,1
996,264798.0,767716.0,1
997,232246.0,844226.0,1
998,237757.0,834092.0,1
999,243331.0,844022.0,1
1000,229857.0,843917.0,1
1001,224083.0,852922.0,1
1002,309399.0,838744.0,1
1003,256073.0,917590.0,1
1004,241687.0,844256.0,1
1005,282603.0,846165.0,1
1006,228032.0,893055.0,1
1007,236274.0,861302.0,1
1008,261819.0,863523.0,1
1009,200005.0,825237.0,1
1010,310591.0,841778.0,1
1011,236495.0,861569.0,1
1012,256889.0,880721.0,1
1013,222445.0,891438.0,1
1014,236207.0,886769.0,1
1015,241545.0,838673.0,1
1016,266111.0,813259.0,1
1017,219316.0,898830.0,1
1018,251866.0,864044.0,1
1019,220884.0,916718.0,1
1020,288954.0,846991.0,1
1021,238084.0,844799.0,1
1022,299772.0,828655.0,1
1023,241633.0,846949.0,1
1024,232331.0,872896.0,1
1025,264293.0,890923.0,1
1026,224288.0,931476.0,1
1027,297183.0,841456.0,1
1028,308616.0,811021.0,1
1029,289719.0,866638.0,1
1030,240645.0,855514.0,1
1031,229567.0,855332.0,1
1032,244618.0,845420.0,1
1033,213775.0,841758.0,1
1034,267478.0,894783.0,1
1035,236987.0,881080.0,1
1036,181803.0,799487.0,1
1037,222019.0,839774.0,1
1038,238328.0,770068.0,1
1039,238714.0,858826.0,1
1040,134134.0,842630.0,1
1041,221126.0,837878.0,1
1042,264565.0,859237.0,1
1043,198583.0,860431.0,1
1044,215976.0,836025.0,1
1045,292194.0,906490.0,1
1046,243951.0,865415.0,1
1047,245740.0,814541.0,1
1048,317675.0,838127.0,1
1049,221706.0,875060.0,1
1050,236740.0,853169.0,1
1051,298800.0,824277.0,1
1052,247484.0,846372.0,1
1053,288675.0,919879.0,1
1054,240028.0,849354.0,1
1055,212009.0,864463.0,1
1056,246857.0,852483.0,1
1057,241475.0,850889.0,1
1058,257134.0,845851.0,1
1059,187314.0,815820.0,1
1060,329428.0,66056.0,3
1061,253129.0,154296.0,3
1062,319838.0,170383.0,3
1063,376613.0,159699.0,3
1064,338717.0,181582.0,3
1065,304283.0,183656.0,3
1066,314519.0,146787.0,3
1067,321775.0,164846.0,3
1068,294832.0,124284.0,3
1069,295537.0,91032.0,3
1070,383044.0,180418.0,3
1071,316263.0,163806.0,3
1072,277860.0,111893.0,3
1073,333789.0,151168.0,3
1074,321822.0,187102.0,3
1075,383052.0,89061.0,3
1076,300672.0,175844.0,3
1077,319208.0,164182.0,3
1078,332284.0,194186.0,3
1079,344482.0,215846.0,3
1080,330533.0,214555.0,3
1081,292193.0,125417.0,3
1082,234837.0,151054.0,3
1083,347050.0,150472.0,3
1084,347406.0,155708.0,3
1085,318738.0,182134.0,3
1086,311819.0,140674.0,3
1087,332032.0,157725.0,3
1088,301983.0,173386.0,3
1089,315830.0,102777.0,3
1090,345976.0,148333.0,3
1091,320210.0,191459.0,3
1092,264427.0,188193.0,3
1093,320718.0,158610.0,3
1094,345234.0,188822.0,3
1095,315963.0,174031.0,3
1096,334812.0,137431.0,3
1097,347492.0,153416.0,3
1098,274321.0,219665.0,3
1099,335476.0,183897.0,3
1100,366146.0,196571.0,3
1101,350480.0,214608.0,3
1102,328851.0,147002.0,3
1103,271123.0,163465.0,3
1104,332307.0,189590.0,3
1105,380281.0,205779.0,3
1106,348191.0,165419.0,3
1107,305292.0,175260.0,3
1108,358562.0,112650.0,3
1109,355499.0,224982.0,3
1110,246753.0,175170.0,3
1111,371685.0,151612.0,3
1112,239495.0,163949.0,3
1113,260930.0,184935.0,3
1114,307616.0,207295.0,3
1115,372883.0,222824.0,3
1116,318707.0,160697.0,3
1117,270233.0,195701.0,3
1118,433100.0,134861.0,3
1119,311433.0,134432.0,3
1120,315146.0,160782.0,3
1121,311163.0,166821.0,3
1122,383894.0,179880.0,3
1123,341137.0,78287.0,3
1124,317771.0,154916.0,3
1125,342066.0,119083.0,3
1126,281732.0,221764.0,3
1127,321262.0,178491.0,3
1128,247892.0,115217.0,3
1129,333942.0,143344.0,3
1130,290958.0,168323.0,3
1131,297731.0,175876.0,3
1132,280274.0,182662.0,3
1133,270201.0,236813.0,3
1134,446538.0,180119.0,3
1135,258201.0,153095.0,3
1136,353951.0,133923.0,3
1137,367079.0,183232.0,3
1138,363932.0,228249.0,3
1139,323905.0,168029.0,3
1140,381617.0,157000.0,3
1141,415495.0,116126.0,3
1142,271424.0,251323.0,3
1143,327734.0,163585.0,3
1144,346079.0,220993.0,3
1145,276741.0,143844.0,3
1146,310386.0,171068.0,3
1147,270404.0,183080.0,3
1148,324966.0,170021.0,3
1149,306421.0,145493.0,3
1150,382419.0,110392.0,3
1151,318192.0,170844.0,3
1152,320821.0,165455.0,3
1153,329029.0,204399.0,3
1154,311065.0,219934.0,3
1155,369490.0,164369.0,3
1156,282957.0,179982.0,3
1157,327927.0,168535.0,3
1158,327022.0,161396.0,3
1159,248427.0,146381.0,3
1160,306042.0,66361.0,3
1161,248779.0,111087.0,3
1162,313783.0,177198.0,3
1163,296164.0,96874.0,3
1164,290700.0,196285.0,3
1165,328423.0,161604.0,3
1166,333883.0,276840.0,3
1167,306357.0,123397.0,3
1168,267212.0,158699.0,3
1169,335235.0,180161.0,3
1170,333937.0,51121.0,3
1171,328775.0,156501.0,3
1172,293201.0,192871.0,3
1173,312227.0,159417.0,3
1174,324337.0,162686.0,3
1175,323329.0,93955.0,3
1176,267264.0,153034.0,3
1177,312421.0,170617.0,3
1178,244344.0,185382.0,3
1179,252845.0,181181.0,3
1180,382720.0,263255.0,3
1181,326040.0,156509.0,3
1182,132705.0,557674.0,8
1183,114311.0,601605.0,8
1184,97216.0,564094.0,8
1185,101553.0,517715.0,8
1186,133023.0,574572.0,8
1187,136531.0,557658.0,8
1188,156430.0,615117.0,8
1189,137451.0,555339.0,8
1190,166290.0,521714.0,8
1191,210499.0,526471.0,8
1192,136301.0,569544.0,8
1193,139212.0,557713.0,8
1194,84501.0,604671.0,8
1195,105945.0,528795.0,8
1196,138449.0,555969.0,8
1197,139460.0,557260.0,8
1198,151701.0,574146.0,8
1199,142668.0,544976.0,8
1200,192564.0,547558.0,8
1201,182840.0,584262.0,8
1202,135849.0,550612.0,8
1203,101427.0,615890.0,8
1204,143265.0,548387.0,8
1205,137347.0,622867.0,8
1206,139146.0,569516.0,8
1207,202547.0,601240.0,8
1208,113259.0,568684.0,8
1209,177246.0,571940.0,8
1210,107972.0,601191.0,8
1211,138965.0,558201.0,8
1212,171471.0,576787.0,8
1213,136078.0,547418.0,8
1214,140164.0,531093.0,8
1215,67867.0,545392.0,8
1216,149906.0,546909.0,8
1217,115287.0,602637.0,8
1218,206561.0,574789.0,8
1219,127373.0,549518.0,8
1220,141699.0,530028.0,8
1221,137516.0,556818.0,8
1222,179793.0,483378.0,8
1223,140717.0,554093.0,8
1224,153185.0,562792.0,8
1225,147599.0,513563.0,8
1226,143879.0,536650.0,8
1227,138734.0,557713.0,8
1228,260096.0,530550.0,5
1229,121650.0,599844.0,8
1230,188992.0,563992.0,8
1231,179830.0,547383.0,8
1232,112184.0,530469.0,8
1233,166904.0,503121.0,8
1234,117959.0,536156.0,8
1235,140706.0,547367.0,8
1236,138012.0,558263.0,8
1237,142663.0,556520.0,8
1238,119237.0,591137.0,8
1239,186380.0,487625.0,8
1240,113099.0,546732.0,8
1241,176278.0,550602.0,8
1242,149758.0,564768.0,8
1243,151374.0,538387.0,8
1244,155430.0,549012.0,8
1245,172756.0,612694.0,8
1246,169322.0,577938.0,8
1247,110877.0,562558.0,8
1248,259173.0,548593.0,5
1249,103153.0,601002.0,8
1250,116860.0,550810.0,8
1251,179834.0,541387.0,8
1252,131532.0,536658.0,8
1253,123905.0,508486.0,8
1254,201753.0,569116.0,8
1255,110479.0,594587.0,8
1256,161475.0,587507.0,8
1257,158596.0,562634.0,8
1258,137172.0,523482.0,8
1259,86243.0,559135.0,8
1260,127964.0,538935.0,8
1261,122130.0,568886.0,8
1262,167716.0,562762.0,8
1263,87236.0,607429.0,8
1264,139911.0,561185.0,8
1265,146183.0,622188.0,8
1266,146678.0,558942.0,8
1267,136569.0,532130.0,8
1268,177665.0,557923.0,8
1269,64979.0,538104.0,8
1270,94061.0,576129.0,8
1271,79285.0,554817.0,8
1272,103192.0,550021.0,8
1273,220224.0,592068.0,8
1274,143912.0,595772.0,8
1275,80673.0,566893.0,8
1276,94249.0,600812.0,8
1277,98675.0,580608.0,8
1278,95074.0,570002.0,8
1279,125548.0,552424.0,8
1280,118391.0,553625.0,8
1281,122296.0,566921.0,8
1282,48143.0,523870.0,8
1283,104489.0,542515.0,8
1284,144401.0,565666.0,8
1285,107160.0,530936.0,8
1286,119496.0,543146.0,8
1287,142575.0,517378.0,8
1288,154964.0,554923.0,8
1289,163925.0,576666.0,8
1290,138349.0,554238.0,8
1291,202175.0,495076.0,8
1292,163477.0,561507.0,8
1293,119535.0,551857.0,8
1294,114108.0,540537.0,8
1295,136059.0,558213.0,8
1296,233105.0,591646.0,8
1297,495165.0,163113.0,3
1298,541435.0,206637.0,3
1299,506069.0,169723.0,3
1300,505044.0,180646.0,3
1301,543616.0,144788.0,3
1302,509804.0,175714.0,3
1303,416763.0,96639.0,3
1304,500589.0,181466.0,3
1305,553118.0,165472.0,3
1306,502511.0,205121.0,3
1307,514551.0,176526.0,3
1308,521152.0,152439.0,3
1309,509928.0,184873.0,3
1310,507895.0,177445.0,3
1311,454160.0,102568.0,3
1312,519003.0,160741.0,3
1313,509173.0,178051.0,3
1314,507674.0,147431.0,3
1315,473361.0,185066.0,3
1316,504755.0,150226.0,3
1317,474135.0,199330.0,3
1318,490956.0,124550.0,3
1319,499637.0,194036.0,3
1320,515856.0,148316.0,3
1321,482568.0,159010.0,3
1322,469470.0,189347.0,3
1323,514173.0,139330.0,3
1324,505117.0,141877.0,3
1325,501334.0,163002.0,3
1326,512241.0,169240.0,3
1327,491382.0,122267.0,3
1328,535453.0,200970.0,3
1329,496130.0,178113.0,3
1330,528826.0,154067.0,3
1331,508789.0,174256.0,3
1332,502302.0,210265.0,3
1333,516084.0,178725.0,3
1334,575022.0,213534.0,3
1335,508797.0,176269.0,3
1336,485361.0,169229.0,3
1337,474641.0,81263.0,3
1338,434581.0,123267.0,3
1339,514876.0,182995.0,3
1340,512900.0,219252.0,3
1341,510739.0,121103.0,3
1342,505603.0,147517.0,3
1343,482628.0,171320.0,3
1344,541790.0,172616.0,3
1345,473649.0,178184.0,3
1346,514934.0,219169.0,3
1347,500474.0,169746.0,3
1348,488800.0,197919.0,3
1349,561725.0,168220.0,3
1350,514428.0,222503.0,3
1351,519421.0,154681.0,3
1352,513957.0,139202.0,3
1353,533351.0,147778.0,3
1354,511030.0,221292.0,3
1355,497254.0,171940.0,3
1356,507741.0,178883.0,3
1357,462658.0,75167.0,3
1358,521032.0,177084.0,3
1359,485968.0,123023.0,3
1360,478442.0,125560.0,3
1361,497211.0,174121.0,3
1362,491442.0,116195.0,3
1363,473202.0,140745.0,3
1364,520759.0,184923.0,3
1365,507832.0,181513.0,3
1366,514391.0,156592.0,3
1367,477746.0,163845.0,3
1368,497255.0,188783.0,3
1369,545240.0,221008.0,3
1370,524397.0,239456.0,3
1371,481356.0,162127.0,3
1372,494574.0,198972.0,3
1373,477901.0,173288.0,3
1374,509223.0,177592.0,3
1375,445043.0,152257.0,3
1376,514622.0,206979.0,3
1377,479631.0,178459.0,3
1378,496476.0,140337.0,3
1379,498389.0,178069.0,3
1380,529409.0,157228.0,3
1381,501111.0,157402.0,3
1382,589900.0,217899.0,6
1383,519962.0,175210.0,3
1384,502877.0,192740.0,3
1385,520782.0,134308.0,3
1386,515494.0,188459.0,3
1387,484395.0,107291.0,3
1388,502002.0,166223.0,3
1389,521153.0,242968.0,3
1390,487952.0,168607.0,3
1391,460133.0,173081.0,3
1392,497815.0,165151.0,3
1393,464634.0,173867.0,3
1394,518675.0,175686.0,3
1395,533566.0,214619.0,3
1396,517882.0,175467.0,3
1397,549642.0,157506.0,3
1398,506815.0,173387.0,3
1399,417996.0,408162.0,5
1400,388202.0,405780.0,5
1401,410506.0,395586.0,5
1402,449683.0,388863.0,5
1403,412111.0,418466.0,5
1404,383075.0,447616.0,5
1405,402227.0,414685.0,5
1406,442915.0,420573.0,5
1407,420792.0,430901.0,5
1408,397791.0,444527.0,5
1409,384572.0,388523.0,5
1410,414997.0,432597.0,5
1411,396150.0,430329.0,5
1412,424228.0,442208.0,5
1413,402677.0,412615.0,5
1414,354601.0,358760.0,5
1415,410682.0,349328.0,5
1416,392258.0,405478.0,5
1417,353941.0,399967.0,5
1418,397158.0,370362.0,5
1419,352429.0,359750.0,5
1420,387039.0,365758.0,5
1421,394436.0,450912.0,5
1422,376444.0,371957.0,5
1423,426625.0,475977.0,5
1424,374797.0,407601.0,5
1425,451670.0,388347.0,5
1426,392428.0,402295.0,5
1427,383022.0,409854.0,5
1428,381340.0,409680.0,5
1429,415521.0,368125.0,5
1430,422261.0,374345.0,5
1431,392728.0,411341.0,5
1432,401330.0,395538.0,5
1433,399188.0,402459.0,5
1434,389510.0,370897.0,5
1435,405902.0,394724.0,5
1436,338347.0,337961.0,5
1437,375233.0,399429.0,5
1438,397764.0,406712.0,5
1439,414290.0,393146.0,5
1440,416893.0,347737.0,5
1441,397851.0,400846.0,5
1442,447192.0,359893.0,5
1443,402566.0,415798.0,5
1444,362753.0,369848.0,5
1445,409167.0,449719.0,5
1446,398617.0,402424.0,5
1447,408714.0,391412.0,5
1448,403751.0,385539.0,5
1449,373943.0,376926.0,5
1450,401162.0,412142.0,5
1451,478361.0,409520.0,5
1452,357466.0,354094.0,5
1453,417617.0,414816.0,5
1454,470047.0,410943.0,5
1455,378824.0,430343.0,5
1456,369227.0,397853.0,5
1457,397331.0,407010.0,5
1458,401708.0,409924.0,5
1459,409823.0,412908.0,5
1460,397735.0,448097.0,5
1461,394761.0,461494.0,5
1462,357253.0,388075.0,5
1463,415233.0,441297.0,5
1464,404445.0,402466.0,5
1465,408224.0,399767.0,5
1466,416750.0,435776.0,5
1467,387103.0,401925.0,5
1468,368200.0,364844.0,5
1469,432184.0,395118.0,5
1470,322936.0,368566.0,5
1471,402710.0,424367.0,5
1472,348263.0,386451.0,5
1473,380236.0,460907.0,5
1474,398795.0,472619.0,5
1475,423371.0,373970.0,5
1476,429515.0,393708.0,5
1477,408147.0,436628.0,5
1478,436362.0,379677.0,5
1479,370252.0,347498.0,5
1480,418046.0,358461.0,5
1481,406739.0,400918.0,5
1482,392424.0,375266.0,5
1483,391970.0,419802.0,5
1484,389279.0,424006.0,5
1485,468907.0,448885.0,5
1486,375971.0,427549.0,5
1487,414374.0,439977.0,5
1488,368363.0,409733.0,5
1489,381863.0,416651.0,5
1490,391384.0,413273.0,5
1491,365223.0,422531.0,5
1492,382396.0,405483.0,5
1493,411674.0,402377.0,5
1494,424365.0,371987.0,5
1495,361875.0,448199.0,5
1496,333682.0,401078.0,5
1497,397889.0,398501.0,5
1498,417494.0,392231.0,5
1499,376493.0,366302.0,5
1500,460684.0,371809.0,5
1501,449571.0,387141.0,5
1502,477323.0,384551.0,6
1503,359740.0,379592.0,5
1504,429653.0,438596.0,5
1505,361814.0,411086.0,5
1506,410418.0,409414.0,5
1507,392162.0,355397.0,5
1508,408182.0,408351.0,5
1509,411090.0,435389.0,5
1510,312123.0,419763.0,5
1511,411053.0,432808.0,5
1512,367864.0,442851.0,5
1513,854654.0,549222.0,4
1514,870826.0,524625.0,4
1515,868025.0,569296.0,4
1516,887896.0,558572.0,4
1517,844066.0,546029.0,4
1518,897131.0,604582.0,4
1519,845120.0,549830.0,4
1520,841130.0,529745.0,4
1521,887556.0,531797.0,4
1522,793791.0,581315.0,4
1523,879722.0,550246.0,4
1524,871873.0,509094.0,4
1525,900991.0,497149.0,4
1526,852918.0,552112.0,4
1527,903840.0,586229.0,4
1528,844617.0,499013.0,4
1529,883981.0,607581.0,4
1530,864265.0,549505.0,4
1531,895565.0,501871.0,4
1532,873791.0,606643.0,4
1533,841843.0,503359.0,4
1534,842719.0,506205.0,4
1535,850607.0,565348.0,4
1536,838367.0,536676.0,4
1537,808555.0,600511.0,4
1538,832010.0,554080.0,4
1539,865030.0,541150.0,4
1540,873136.0,513309.0,4
1541,875640.0,561262.0,4
1542,849501.0,552769.0,4
1543,866973.0,550375.0,4
1544,906382.0,534459.0,4
1545,865081.0,551012.0,4
1546,867801.0,548156.0,4
1547,846324.0,557586.0,4
1548,833499.0,504718.0,4
1549,854979.0,539793.0,4
1550,838036.0,542999.0,4
1551,850790.0,525740.0,4
1552,869818.0,543227.0,4
1553,860151.0,543055.0,4
1554,853093.0,586321.0,4
1555,842903.0,567914.0,4
1556,819843.0,570485.0,4
1557,875625.0,599766.0,4
1558,887780.0,536497.0,4
1559,849858.0,524682.0,4
1560,843111.0,581603.0,4
1561,898736.0,548642.0,4
1562,915504.0,527751.0,4
1563,837880.0,444574.0,4
1564,827672.0,545966.0,4
1565,869960.0,562146.0,4
1566,877440.0,529137.0,4
1567,821835.0,564313.0,4
1568,878696.0,530134.0,4
1569,837312.0,572687.0,4
1570,860863.0,546060.0,4
1571,864721.0,548447.0,4
1572,876151.0,582116.0,4
1573,807278.0,566392.0,4
1574,872033.0,558924.0,4
1575,894268.0,532597.0,4
1576,850478.0,566230.0,4
1577,823202.0,619103.0,4
1578,889743.0,560547.0,4
1579,854374.0,550707.0,4
1580,860384.0,555572.0,4
1581,838808.0,524944.0,4
1582,891515.0,520429.0,4
1583,805884.0,549492.0,4
1584,920249.0,551171.0,4
1585,808777.0,512952.0,4
1586,824475.0,518063.0,4
1587,856437.0,532452.0,4
1588,839280.0,539324.0,4
1589,865020.0,550686.0,4
1590,861069.0,548327.0,4
1591,844086.0,531300.0,4
1592,923996.0,594948.0,4
1593,832154.0,559403.0,4
1594,858537.0,548576.0,4
1595,828001.0,524067.0,4
1596,793875.0,473793.0,4
1597,766617.0,548142.0,4
1598,852687.0,540692.0,4
1599,800152.0,576217.0,4
1600,859492.0,572224.0,4
1601,925485.0,596955.0,4
1602,873380.0,495161.0,4
1603,765011.0,607246.0,4
1604,898578.0,612291.0,4
1605,795909.0,462864.0,4
1606,848628.0,503773.0,4
1607,851166.0,532382.0,4
1608,870214.0,556246.0,4
1609,857319.0,543529.0,4
1610,878519.0,606677.0,4
1611,835831.0,555864.0,4
1612,885828.0,586348.0,4
1613,916704.0,609548.0,4
1614,877298.0,565604.0,4
1615,916082.0,517633.0,4
1616,913686.0,576892.0,4
1617,880275.0,564545.0,4
1618,880958.0,588608.0,4
1619,861868.0,549168.0,4
1620,769546.0,554722.0,4
1621,855074.0,542557.0,4
1622,846646.0,548548.0,4
1623,573324.0,878802.0,10
1624,649412.0,856993.0,9
1625,667280.0,765619.0,9
1626,674463.0,862486.0,9
1627,676694.0,851597.0,9
1628,721401.0,951880.0,9
1629,633601.0,861482.0,9
1630,642843.0,909185.0,9
1631,673196.0,812941.0,9
1632,694451.0,863981.0,9
1633,709254.0,847444.0,9
1634,659166.0,861665.0,9
1635,692386.0,863386.0,9
1636,622212.0,860015.0,9
1637,736557.0,897961.0,9
1638,695092.0,820091.0,9
1639,664156.0,846474.0,9
1640,675382.0,836312.0,9
1641,672212.0,860894.0,9
1642,674236.0,877152.0,9
1643,679818.0,860064.0,9
1644,640210.0,902029.0,9
1645,671772.0,860357.0,9
1646,718544.0,888401.0,9
1647,668367.0,855686.0,9
1648,672059.0,860501.0,9
1649,683580.0,872374.0,9
1650,680228.0,843225.0,9
1651,662249.0,918050.0,9
1652,671325.0,856592.0,9
1653,680592.0,858526.0,9
1654,675633.0,863416.0,9
1655,678195.0,860537.0,9
1656,679054.0,898217.0,9
1657,676360.0,866112.0,9
1658,672068.0,874862.0,9
1659,665660.0,828338.0,9
1660,672544.0,859978.0,9
1661,713088.0,880834.0,9
1662,680969.0,838864.0,9
1663,676962.0,897430.0,9
1664,668519.0,860048.0,9
1665,663095.0,949045.0,9
1666,658734.0,883214.0,9
1667,674121.0,858589.0,9
1668,700962.0,927047.0,9
1669,648230.0,857418.0,9
1670,680757.0,826912.0,9
1671,656156.0,868643.0,9
1672,653258.0,860766.0,9
1673,646422.0,900526.0,9
1674,604546.0,847329.0,9
1675,631316.0,837043.0,9
1676,666315.0,872311.0,9
1677,710082.0,881600.0,9
1678,685821.0,816579.0,9
1679,657981.0,866945.0,9
1680,669178.0,866011.0,9
1681,683027.0,876064.0,9
1682,637665.0,858741.0,9
1683,685124.0,873363.0,9
1684,674496.0,870664.0,9
1685,684602.0,823981.0,9
1686,683413.0,861559.0,9
1687,674365.0,860819.0,9
1688,662684.0,813662.0,9
1689,673242.0,886958.0,9
1690,636769.0,854047.0,9
1691,685551.0,798742.0,9
1692,663945.0,828490.0,9
1693,706906.0,885612.0,9
1694,676767.0,832479.0,9
1695,674905.0,876286.0,9
1696,672818.0,881943.0,9
1697,625416.0,868848.0,9
1698,688098.0,908495.0,9
1699,753254.0,840123.0,9
1700,674114.0,970756.0,9
1701,634004.0,895206.0,9
1702,666636.0,858686.0,9
1703,672598.0,856928.0,9
1704,689628.0,868984.0,9
1705,704570.0,845515.0,9
1706,667131.0,849230.0,9
1707,621278.0,888326.0,9
1708,689948.0,850548.0,9
1709,697011.0,856357.0,9
1710,653181.0,886417.0,9
1711,729194.0,856897.0,9
1712,680677.0,868629.0,9
1713,665697.0,929571.0,9
1714,602365.0,916673.0,9
1715,684537.0,843821.0,9
1716,694308.0,904062.0,9
1717,731712.0,878998.0,9
1718,667713.0,847241.0,9
1719,722463.0,882675.0,9
1720,683252.0,858182.0,9
1721,669288.0,860515.0,9
1722,675357.0,870850.0,9
1723,603472.0,894573.0,9
1724,693362.0,837786.0,9
1725,687078.0,791051.0,9
1726,683048.0,937776.0,9
1727,571669.0,873544.0,10
1728,601619.0,825604.0,9
1729,564416.0,878492.0,10
1730,683321.0,873932.0,9
1731,677362.0,853471.0,9
1732,597173.0,575538.0,2
1733,604678.0,574577.0,2
1734,607269.0,536961.0,2
1735,601967.0,604428.0,2
1736,629718.0,558104.0,2
1737,610666.0,551701.0,2
1738,625728.0,579460.0,2
1739,617910.0,592293.0,2
1740,555904.0,640401.0,2
1741,603359.0,589262.0,2
1742,578496.0,631434.0,2
1743,540029.0,563888.0,2
1744,610330.0,552628.0,2
1745,598184.0,531473.0,2
1746,606738.0,601356.0,2
1747,546031.0,570429.0,2
1748,606011.0,569426.0,2
1749,585048.0,505097.0,2
1750,607604.0,573951.0,2
1751,591484.0,571087.0,2
1752,613868.0,585089.0,2
1753,545235.0,539822.0,2
1754,560362.0,567914.0,2
1755,614943.0,540976.0,2
1756,671269.0,590258.0,2
1757,623004.0,508050.0,2
1758,589658.0,640498.0,2
1759,559078.0,570088.0,2
1760,566609.0,537592.0,2
1761,600117.0,539079.0,2
1762,590583.0,623314.0,2
1763,606933.0,576409.0,2
1764,579773.0,568698.0,2
1765,605958.0,573728.0,2
1766,603855.0,575180.0,2
1767,611315.0,560757.0,2
1768,697959.0,614701.0,2
1769,589994.0,610890.0,2
1770,587466.0,564953.0,2
1771,601885.0,573083.0,2
1772,801539.0,318482.0,7
1773,797105.0,316002.0,7
1774,802482.0,335269.0,7
1775,797242.0,324588.0,7
1776,817135.0,349925.0,7
1777,802089.0,313456.0,7
1778,802646.0,317894.0,7
1779,765502.0,240340.0,7
1780,790932.0,305223.0,7
1781,795299.0,312036.0,7
1782,756701.0,207223.0,7
1783,801055.0,321833.0,7
1784,804038.0,306622.0,7
1785,824624.0,381716.0,7
1786,805372.0,313397.0,7
1787,797569.0,321799.0,7
1788,803796.0,314893.0,7
1789,804354.0,309671.0,7
1790,803774.0,334756.0,7
1791,841928.0,398948.0,4
1792,786245.0,292352.0,7
1793,773023.0,251826.0,7
1794,805080.0,323708.0,7
1795,799724.0,318884.0,7
1796,810543.0,341180.0,7
1797,779437.0,281959.0,7
1798,814280.0,344223.0,7
1799,805462.0,317833.0,7
1800,798308.0,312788.0,7
1801,801309.0,318213.0,7
1802,770113.0,241615.0,7
1803,804332.0,319006.0,7
1804,801232.0,307078.0,7
1805,794615.0,305632.0,7
1806,809259.0,345634.0,7
1807,801301.0,316893.0,7
1808,802254.0,320673.0,7
1809,783116.0,265635.0,7
1810,793855.0,298525.0,7
1811,803839.0,310353.0,7
1812,806192.0,337849.0,7
1813,799021.0,326404.0,7
1814,804408.0,337683.0,7
1815,797947.0,319734.0,7
1816,846693.0,429031.0,4
1817,807696.0,320548.0,7
1818,406233.0,813072.0,10
1819,401478.0,785370.0,10
1820,425260.0,773661.0,10
1821,400008.0,789447.0,10
1822,443447.0,783977.0,10
1823,389392.0,730768.0,10
1824,473485.0,847098.0,10
1825,417091.0,792545.0,10
1826,394022.0,803914.0,10
1827,396118.0,794614.0,10
1828,424476.0,781552.0,10
1829,417016.0,774869.0,10
1830,407023.0,787385.0,10
1831,396548.0,784388.0,10
1832,393758.0,750953.0,10
1833,460371.0,780609.0,10
1834,388873.0,746909.0,10
1835,386436.0,791388.0,10
1836,440667.0,768761.0,10
1837,391555.0,789079.0,10
1838,406176.0,760860.0,10
1839,425053.0,790566.0,10
1840,417447.0,782955.0,10
1841,459230.0,803720.0,10
1842,373360.0,784232.0,10
1843,419227.0,779215.0,10
1844,365147.0,790525.0,10
1845,397747.0,792207.0,10
1846,397806.0,749559.0,10
1847,414512.0,793966.0,10
1848,424375.0,721868.0,10
1849,403890.0,792420.0,10
1850,400902.0,772920.0,10
1851,492415.0,829655.0,10
1852,409142.0,811927.0,10
1853,412677.0,786951.0,10
1854,404359.0,783919.0,10
1855,453154.0,776082.0,10
1856,506612.0,858859.0,10
1857,436648.0,859634.0,10
1858,412453.0,784453.0,10
1859,383821.0,808301.0,10
1860,385257.0,791581.0,10
1861,411488.0,837715.0,10
1862,391163.0,811977.0,10
1863,414860.0,773921.0,10
1864,371779.0,814715.0,10
1865,375997.0,806621.0,10
1866,437958.0,784801.0,10
1867,435085.0,791564.0,10
1868,425611.0,793420.0,10
1869,430001.0,765803.0,10
1870,427371.0,819417.0,10
1871,469782.0,780552.0,10
1872,430167.0,811490.0,10
1873,357467.0,797530.0,10
1874,421187.0,779726.0,10
1875,407626.0,771304.0,10
1876,347933.0,797148.0,10
1877,419485.0,804779.0,10
1878,461751.0,817277.0,10
1879,831165.0,783383.0,9
1880,793019.0,764859.0,9
1881,779936.0,774397.0,9
1882,828589.0,652430.0,4
1883,862189.0,735684.0,9
1884,815131.0,704478.0,9
1885,840863.0,737972.0,9
1886,829623.0,732301.0,9
1887,820350.0,748217.0,9
1888,801177.0,737548.0,9
1889,840270.0,725456.0,9
1890,816091.0,747764.0,9
1891,851644.0,721350.0,9
1892,790612.0,738038.0,9
1893,879221.0,655497.0,4
1894,824765.0,761114.0,9
1895,848586.0,789052.0,9
1896,873532.0,712802.0,9
1897,832798.0,734777.0,9
1898,824322.0,744720.0,9
1899,846090.0,651306.0,4
1900,824674.0,806300.0,9
1901,821337.0,733356.0,9
1902,796786.0,724615.0,9
1903,866139.0,717138.0,9
1904,862569.0,719773.0,9
1905,821259.0,750089.0,9
1906,822623.0,745025.0,9
1907,822474.0,780882.0,9
1908,866928.0,716961.0,9
1909,786935.0,732999.0,9
1910,804925.0,735492.0,9
1911,870054.0,738900.0,9
1912,818932.0,728481.0,9
1913,827081.0,694553.0,9
1914,824013.0,753991.0,9
1915,829133.0,735488.0,9
1916,816615.0,770855.0,9
1917,797233.0,713358.0,9
1918,813319.0,737376.0,9
1919,860951.0,162251.0,7
1920,849653.0,143827.0,7
1921,835128.0,212354.0,7
1922,828179.0,155649.0,7
1923,826192.0,172906.0,7
1924,873527.0,126426.0,7
1925,836433.0,200181.0,7
1926,854922.0,159650.0,7
1927,860606.0,152843.0,7
1928,838328.0,185708.0,7
1929,859707.0,202806.0,7
1930,817619.0,181929.0,7
1931,850577.0,157049.0,7
1932,905005.0,164126.0,7
1933,870599.0,149782.0,7
1934,834483.0,173379.0,7
1935,813239.0,139752.0,7
1936,871255.0,140340.0,7
1937,838609.0,140215.0,7
1938,850200.0,164752.0,7
1939,877422.0,134877.0,7
1940,850153.0,155701.0,7
1941,819256.0,201704.0,7
1942,799326.0,106384.0,7
1943,843150.0,156573.0,7
1944,862925.0,243856.0,7
1945,856561.0,128799.0,7
1946,819670.0,183364.0,7
1947,830445.0,186055.0,7
1948,925732.0,210388.0,7
1949,835581.0,147664.0,7
1950,859177.0,143273.0,7
1951,866851.0,129505.0,7
1952,864494.0,136669.0,7
1953,860106.0,157080.0,7
1954,846936.0,161313.0,7
1955,845802.0,172285.0,7
1956,900955.0,185733.0,7
1957,855993.0,225023.0,7
1958,848290.0,143184.0,7
1959,791722.0,162000.0,7
1960,806567.0,140259.0,7
1961,864991.0,159874.0,7
1962,895623.0,178393.0,7
1963,865170.0,173755.0,7
1964,850453.0,155432.0,7
1965,834165.0,140684.0,7
1966,342064.0,570045.0,5
1967,330455.0,568758.0,5
1968,338342.0,566864.0,5
1969,432052.0,613723.0,5
1970,340064.0,550509.0,5
1971,296775.0,572432.0,5
1972,345840.0,561591.0,5
1973,353979.0,578923.0,5
1974,326043.0,553772.0,5
1975,268672.0,508874.0,5
1976,335328.0,562880.0,5
1977,339212.0,538693.0,5
1978,357275.0,551101.0,5
1979,334785.0,565575.0,5
1980,452457.0,597461.0,5
1981,344791.0,578536.0,5
1982,343997.0,585193.0,5
1983,366688.0,562413.0,5
1984,321657.0,538660.0,5
1985,360165.0,553303.0,5
1986,336928.0,557412.0,5
1987,354529.0,573677.0,5
1988,358312.0,559466.0,5
1989,304086.0,576100.0,5
1990,346144.0,560472.0,5
1991,369366.0,561201.0,5
1992,344314.0,595915.0,5
1993,328586.0,551385.0,5
1994,339288.0,588052.0,5
1995,330335.0,568221.0,5
1996,327695.0,543105.0,5
1997,336549.0,565597.0,5
1998,335029.0,553213.0,5
1999,324032.0,577807.0,5
2000,321924.0,527106.0,5
2001,269126.0,508814.0,5
2002,350798.0,535657.0,5
2003,325125.0,564342.0,5
2004,330145.0,546705.0,5
2005,302353.0,545544.0,5
2006,285152.0,520229.0,5
2007,396903.0,591235.0,5
2008,297212.0,546223.0,5
2009,296763.0,528676.0,5
2010,329859.0,564384.0,5
2011,368724.0,598412.0,5
2012,168573.0,350387.0,8
2013,170271.0,306395.0,8
2014,188093.0,324040.0,8
2015,183236.0,338163.0,8
2016,161345.0,350804.0,8
2017,210497.0,359835.0,8
2018,148749.0,359845.0,8
2019,177505.0,332053.0,8
2020,169966.0,368623.0,8
2021,155505.0,355581.0,8
2022,211265.0,396792.0,8
2023,203254.0,362605.0,8
2024,159191.0,309314.0,8
2025,152861.0,407965.0,8
2026,235671.0,300234.0,8
2027,133744.0,308918.0,8
2028,172020.0,342883.0,8
2029,178495.0,373915.0,8
2030,133580.0,348602.0,8
2031,169145.0,355279.0,8
2032,141860.0,324304.0,8
2033,171614.0,435530.0,8
2034,185071.0,362905.0,8
2035,146821.0,297434.0,8
2036,171848.0,343242.0,8
2037,183970.0,355973.0,8
2038,158571.0,361986.0,8
2039,216975.0,296647.0,8
2040,137098.0,384889.0,8
2041,142455.0,343512.0,8
2042,174656.0,393278.0,8
2043,159392.0,351000.0,8
2044,165607.0,362883.0,8
2045,176982.0,354631.0,8
2046,184570.0,360446.0,8
2047,162600.0,392531.0,8
2048,128953.0,304971.0,8
2049,217686.0,296514.0,8
2050,140128.0,325904.0,8
2051,160165.0,362858.0,8
2052,669118.0,354195.0,6
2053,617399.0,392653.0,6
2054,622550.0,391601.0,6
2055,616040.0,330855.0,6
2056,613921.0,394043.0,6
2057,655859.0,416496.0,6
2058,598657.0,442558.0,6
2059,556780.0,409205.0,6
2060,577473.0,384210.0,6
2061,663820.0,416308.0,6
2062,710910.0,464586.0,6
2063,624310.0,398408.0,6
2064,611357.0,393577.0,6
2065,634973.0,450542.0,6
2066,595411.0,413706.0,6
2067,618446.0,372298.0,6
2068,561388.0,355834.0,6
2069,691600.0,397893.0,6
2070,610676.0,449688.0,6
2071,523329.0,404632.0,6
2072,648429.0,422590.0,6
2073,562772.0,382904.0,6
2074,576235.0,462612.0,6
2075,598628.0,425191.0,6
2076,499262.0,398424.0,6
2077,578878.0,420108.0,6
2078,618449.0,404599.0,6
2079,582389.0,428200.0,6
2080,621989.0,394856.0,6
2081,618113.0,400002.0,6
2082,609344.0,448128.0,6
2083,615342.0,413931.0,6
2084,632060.0,367800.0,6
2085,572244.0,349463.0,6
2086,637594.0,420311.0,6
2087,638966.0,486628.0,6
2088,655201.0,411873.0,6
2089,617428.0,397343.0,6
2090,619427.0,396945.0,6
2091,619332.0,401992.0,6
2092,636807.0,424537.0,6
2093,533889.0,333741.0,6
2094,632952.0,385722.0,6
2095,588952.0,437524.0,6
2096,662830.0,420955.0,6
2097,634661.0,446187.0,6
2098,605650.0,447537.0,6
2099,618157.0,384990.0,6
2100,630904.0,404643.0,6
2101,650859.0,460072.0,6
2102,642157.0,345545.0,6
2103,601369.0,411415.0,6
2104,604703.0,392288.0,6
2105,721905.0,378957.0,6
2106,618676.0,377015.0,6
2107,658884.0,390135.0,6
2108,213558.0,873714.0,1
2109,245144.0,845719.0,1
2110,283576.0,809069.0,1
2111,222704.0,824909.0,1
2112,245023.0,849247.0,1
2113,263626.0,851699.0,1
2114,231263.0,863308.0,1
2115,247939.0,831010.0,1
2116,278326.0,829095.0,1
2117,260943.0,889692.0,1
2118,269723.0,849664.0,1
2119,241972.0,840749.0,1
2120,237689.0,839510.0,1
2121,251958.0,886571.0,1
2122,227819.0,900986.0,1
2123,241381.0,844402.0,1
2124,248210.0,886338.0,1
2125,277055.0,860813.0,1
2126,246729.0,879602.0,1
2127,224852.0,934148.0,1
2128,228711.0,848090.0,1
2129,201080.0,823689.0,1
2130,313609.0,860065.0,1
2131,244257.0,776516.0,1
2132,235337.0,831592.0,1
2133,267049.0,950249.0,1
2134,245678.0,821691.0,1
2135,274685.0,883097.0,1
2136,244260.0,847060.0,1
2137,264274.0,813041.0,1
2138,139601.0,914203.0,1
2139,256512.0,837094.0,1
2140,258528.0,856273.0,1
2141,244246.0,847589.0,1
2142,209264.0,836661.0,1
2143,240846.0,841609.0,1
2144,332237.0,911313.0,1
2145,256216.0,903741.0,1
2146,233931.0,838374.0,1
2147,239387.0,847822.0,1
2148,250394.0,847577.0,1
2149,238492.0,833394.0,1
2150,250359.0,849451.0,1
2151,218942.0,848326.0,1
2152,228517.0,837056.0,1
2153,230049.0,865536.0,1
2154,265246.0,889333.0,1
2155,219321.0,848396.0,1
2156,245258.0,799882.0,1
2157,321522.0,163852.0,3
2158,307913.0,91419.0,3
2159,311093.0,169734.0,3
2160,367806.0,123963.0,3
2161,350964.0,149159.0,3
2162,346942.0,152780.0,3
2163,310824.0,144943.0,3
2164,348893.0,195430.0,3
2165,313573.0,109221.0,3
2166,358652.0,186358.0,3
2167,324121.0,96346.0,3
2168,368060.0,76739.0,3
2169,336845.0,172750.0,3
2170,346717.0,178180.0,3
2171,312275.0,145173.0,3
2172,425563.0,163524.0,3
2173,348177.0,179526.0,3
2174,380609.0,185976.0,3
2175,300294.0,178772.0,3
2176,337343.0,156614.0,3
2177,353991.0,193997.0,3
2178,300021.0,159185.0,3
2179,384591.0,137729.0,3
2180,347039.0,195468.0,3
2181,327204.0,152871.0,3
2182,295311.0,115000.0,3
2183,281548.0,175184.0,3
2184,332470.0,161202.0,3
2185,331381.0,162660.0,3
2186,344364.0,213940.0,3
2187,315333.0,144566.0,3
2188,319155.0,159850.0,3
2189,355168.0,114823.0,3
2190,354132.0,161850.0,3
2191,325344.0,159885.0,3
2192,359520.0,132845.0,3
2193,340066.0,152500.0,3
2194,287127.0,192494.0,3
2195,279251.0,184486.0,3
2196,318215.0,180010.0,3
2197,308555.0,134011.0,3
2198,319829.0,168353.0,3
2199,327608.0,177638.0,3
2200,348815.0,150017.0,3
2201,293350.0,175997.0,3
2202,357923.0,192120.0,3
2203,144570.0,573936.0,8
2204,173576.0,507309.0,8
2205,179189.0,536028.0,8
2206,155899.0,561715.0,8
2207,147885.0,527813.0,8
2208,58190.0,608304.0,8
2209,145251.0,553486.0,8
2210,144242.0,557674.0,8
2211,220156.0,589643.0,8
2212,156003.0,502860.0,8
2213,148510.0,579793.0,8
2214,141641.0,557376.0,8
2215,117212.0,565692.0,8
2216,139033.0,593287.0,8
2217,172882.0,571145.0,8
2218,137740.0,618961.0,8
2219,158060.0,525533.0,8
2220,134449.0,557556.0,8
2221,95899.0,530846.0,8
2222,166597.0,572855.0,8
2223,166840.0,562425.0,8
2224,117089.0,561455.0,8
2225,135284.0,555664.0,8
2226,158773.0,588778.0,8
2227,257984.0,555707.0,5
2228,173847.0,514665.0,8
2229,107965.0,535173.0,8
2230,116492.0,509399.0,8
2231,143226.0,522375.0,8
2232,113321.0,606322.0,8
2233,139847.0,552015.0,8
2234,130657.0,555545.0,8
2235,154268.0,542573.0,8
2236,197367.0,535989.0,8
2237,166560.0,559687.0,8
2238,127940.0,590467.0,8
2239,211584.0,591058.0,8
2240,130201.0,562734.0,8
2241,137316.0,562151.0,8
2242,143363.0,551365.0,8
2243,134261.0,519275.0,8
2244,129997.0,568115.0,8
2245,170494.0,560892.0,8
2246,164453.0,544085.0,8
2247,128788.0,546091.0,8
2248,88703.0,577217.0,8
2249,130582.0,565948.0,8
2250,241485.0,523039.0,8
2251,179931.0,536588.0,8
2252,105353.0,589239.0,8
2253,76661.0,531044.0,8
2254,98525.0,579761.0,8
2255,120357.0,560737.0,8
2256,34795.0,606311.0,8
2257,507786.0,199578.0,3
2258,461701.0,188438.0,3
2259,500225.0,177559.0,3
2260,484348.0,202813.0,3
2261,490271.0,216725.0,3
2262,506288.0,177990.0,3
2263,510496.0,174308.0,3
2264,522728.0,184704.0,3
2265,576965.0,187481.0,3
2266,515230.0,149567.0,3
2267,523036.0,123677.0,3
2268,497406.0,125809.0,3
2269,509773.0,148899.0,3
2270,494698.0,176711.0,3
2271,520845.0,176291.0,3
2272,509951.0,176794.0,3
2273,520819.0,181586.0,3
2274,496006.0,191010.0,3
2275,535034.0,172649.0,3
2276,529858.0,213114.0,3
2277,521006.0,163218.0,3
2278,483423.0,111797.0,3
2279,520763.0,250478.0,3
2280,528679.0,199079.0,3
2281,545699.0,174099.0,3
2282,456821.0,105575.0,3
2283,495388.0,156422.0,3
2284,472054.0,129986.0,3
2285,563315.0,215613.0,3
2286,518892.0,165875.0,3
2287,493897.0,189627.0,3
2288,514408.0,173338.0,3
2289,541220.0,177840.0,3
2290,545455.0,182232.0,3
2291,541498.0,192746.0,3
2292,490355.0,153464.0,3
2293,566524.0,179796.0,3
2294,550216.0,184337.0,3
2295,516085.0,195504.0,3
2296,506361.0,225237.0,3
2297,508080.0,175697.0,3
2298,559809.0,162597.0,3
2299,504243.0,237336.0,3
2300,483776.0,213021.0,3
2301,500801.0,185558.0,3
2302,481841.0,209337.0,3
2303,473933.0,191767.0,3
2304,453261.0,148432.0,3
2305,491792.0,214464.0,3
2306,515348.0,184750.0,3
2307,558478.0,213316.0,3
2308,537514.0,179689.0,3
2309,444610.0,400247.0,5
2310,393825.0,453067.0,5
2311,383832.0,340506.0,5
2312,417231.0,381303.0,5
2313,351352.0,362910.0,5
2314,354094.0,424230.0,5
2315,395013.0,387179.0,5
2316,396520.0,405610.0,5
2317,373684.0,418326.0,5
2318,468350.0,395883.0,5
2319,383197.0,409869.0,5
2320,367922.0,415238.0,5
2321,422056.0,382193.0,5
2322,343651.0,438750.0,5
2323,399077.0,403968.0,5
2324,402071.0,427626.0,5
2325,372230.0,412488.0,5
2326,392447.0,408539.0,5
2327,444816.0,409502.0,5
2328,415222.0,434798.0,5
2329,407188.0,396576.0,5
2330,380139.0,434251.0,5
2331,342501.0,336320.0,5
2332,401923.0,417123.0,5
2333,416110.0,374296.0,5
2334,442931.0,430123.0,5
2335,393758.0,439738.0,5
2336,427749.0,457110.0,5
2337,395450.0,407822.0,5
2338,407576.0,434017.0,5
2339,391966.0,387214.0,5
2340,467535.0,416014.0,5
2341,398724.0,404179.0,5
2342,399346.0,423786.0,5
2343,460198.0,402706.0,5
2344,408500.0,393942.0,5
2345,439048.0,403700.0,5
2346,410601.0,410653.0,5
2347,396556.0,406492.0,5
2348,402081.0,407514.0,5
2349,418140.0,415328.0,5
2350,415933.0,422485.0,5
2351,402031.0,426039.0,5
2352,371548.0,414612.0,5
2353,399717.0,403257.0,5
2354,377870.0,377550.0,5
2355,376145.0,414107.0,5
2356,391530.0,398743.0,5
2357,409291.0,431539.0,5
2358,399693.0,395271.0,5
2359,437870.0,375761.0,5
2360,377215.0,418429.0,5
2361,387165.0,404027.0,5
2362,906640.0,587296.0,4
2363,906396.0,535803.0,4
2364,817776.0,525600.0,4
2365,848976.0,558706.0,4
2366,857126.0,548151.0,4
2367,904450.0,533427.0,4
2368,839088.0,528460.0,4
2369,869369.0,536868.0,4
2370,863042.0,557890.0,4
2371,867533.0,542290.0,4
2372,862002.0,534006.0,4
2373,863859.0,546898.0,4
2374,855045.0,547633.0,4
2375,863102.0,545783.0,4
2376,862534.0,547936.0,4
2377,882403.0,534710.0,4
2378,803216.0,577565.0,4
2379,914183.0,620056.0,4
2380,877510.0,555087.0,4
2381,861656.0,545794.0,4
2382,838239.0,576018.0,4
2383,838978.0,622330.0,4
2384,844948.0,563321.0,4
2385,861966.0,562885.0,4
2386,886773.0,509047.0,4
2387,859679.0,541785.0,4
2388,874312.0,574582.0,4
2389,879902.0,518647.0,4
2390,851462.0,526597.0,4
2391,866044.0,584750.0,4
2392,843715.0,568319.0,4
2393,862785.0,579661.0,4
2394,860721.0,547751.0,4
2395,831024.0,505776.0,4
2396,856167.0,542249.0,4
2397,773292.0,531652.0,4
2398,898916.0,630099.0,4
2399,844627.0,556401.0,4
2400,854342.0,541611.0,4
2401,858278.0,544519.0,4
2402,816840.0,539239.0,4
2403,861927.0,562723.0,4
2404,858325.0,586062.0,4
2405,846841.0,533595.0,4
2406,810817.0,509540.0,4
2407,890613.0,567037.0,4
2408,853279.0,560714.0,4
2409,860375.0,544804.0,4
2410,892877.0,544283.0,4
2411,875311.0,542259.0,4
2412,866352.0,535933.0,4
2413,871981.0,649086.0,4
2414,855983.0,534803.0,4
2415,645563.0,819480.0,9
2416,657184.0,855509.0,9
2417,709303.0,897538.0,9
2418,641840.0,886745.0,9
2419,691716.0,873426.0,9
2420,664639.0,925795.0,9
2421,680381.0,823757.0,9
2422,680261.0,863401.0,9
2423,682100.0,853708.0,9
2424,668567.0,856554.0,9
2425,648590.0,917839.0,9
2426,699124.0,824089.0,9
2427,661357.0,801817.0,9
2428,627452.0,835854.0,9
2429,682510.0,905902.0,9
2430,676220.0,858214.0,9
2431,682241.0,850176.0,9
2432,683656.0,842406.0,9
2433,668772.0,858570.0,9
2434,599612.0,859210.0,9
2435,654937.0,781879.0,9
2436,682699.0,851115.0,9
2437,684739.0,884934.0,9
2438,664260.0,859029.0,9
2439,674659.0,860894.0,9
2440,653592.0,959882.0,9
2441,662898.0,884734.0,9
2442,669427.0,846395.0,9
2443,651576.0,865180.0,9
2444,595580.0,798572.0,9
2445,669366.0,869654.0,9
2446,657879.0,857942.0,9
2447,665828.0,868934.0,9
2448,640000.0,863831.0,9
2449,669430.0,905798.0,9
2450,648443.0,845340.0,9
2451,675551.0,956849.0,9
2452,682481.0,879399.0,9
2453,652233.0,886054.0,9
2454,705929.0,851313.0,9
2455,682315.0,843851.0,9
2456,629377.0,853726.0,9
2457,672797.0,843231.0,9
2458,689363.0,817577.0,9
2459,728743.0,850843.0,9
2460,672387.0,800443.0,9
2461,684091.0,842566.0,9
2462,664159.0,550946.0,2
2463,665845.0,557965.0,2
2464,572029.0,518313.0,2
2465,607214.0,575069.0,2
2466,625579.0,551084.0,2
2467,600582.0,599535.0,2
2468,604168.0,555003.0,2
2469,582176.0,630383.0,2
2470,561574.0,621747.0,2
2471,526559.0,509417.0,2
2472,628696.0,542447.0,2
2473,605850.0,533310.0,2
2474,596179.0,529556.0,2
2475,583653.0,652182.0,2
2476,562920.0,559223.0,2
2477,707100.0,601463.0,2
2478,614917.0,600946.0,2
2479,597077.0,568196.0,2
2480,645464.0,660478.0,2
2481,555429.0,604551.0,2
2482,597620.0,586226.0,2
2483,649088.0,575733.0,2
2484,567188.0,560044.0,2
2485,605876.0,550640.0,2
2486,600679.0,599545.0,2
2487,641031.0,593074.0,2
2488,616060.0,590779.0,2
2489,602873.0,527864.0,2
2490,602167.0,543919.0,2
2491,546640.0,560043.0,2
2492,690968.0,555952.0,2
2493,628264.0,616214.0,2
2494,604090.0,574392.0,2
2495,600665.0,638890.0,2
2496,606587.0,573873.0,2
2497,627727.0,578737.0,2
2498,522993.0,595581.0,2
2499,658281.0,582264.0,2
2500,588964.0,597435.0,2
